Workbook

Sheet 目录说明
A1: DevSel 图片资源目录说明
A2: 路径: D:\QT5WorkSpace\2026_0714_new\Project_K03\Resources\Skin\Images\DevSel
A4: 子目录 / 文件 | B4: 文件数 | C4: 用途说明
A5: homePageDevice\ | B5: 20 | C5: 主页设备大图。命名: {机型}_homePage_RGB_{色号}_{序号}.png,用于首页展示当前连接设备外观
A6: selectionPage\ | B6: 20 | C6: 设备选择页图片。命名: {机型}_RGB_{色号}_{序号}.png,用于设备选择列表
A7: leftTopIcon\ | B7: 48 | C7: 窗口左上角小图标。命名: {机型}_RGB_{色号}_{序号}_{normal|abnormal}.png,每色两态(正常/异常,即连接/断开);额外包含 K03S_Super 机型
A8: moreSetIPageDeviceIcon\ | B8: 24 | C8: 更多设置页设备图标。命名: {机型}_moreSetPage_RGB_{色号}_{序号}.png;额外包含 K03wired 机型
A9: background.png | B9: 1 | C9: 设备选择区背景图
A10: checked.png | B10: 1 | C10: 选中状态勾选标记
A12: 命名规则说明:
A13: · 机型: K03S / K03S_Super / K03wired(有线) / K06S / T7 / T10wired(有线) / T10wireless(无线)
A14: · RGB_{色号}: 官方配色的十六进制色值,如 000000=黑、F9CAD6=极光粉
A15: · {序号}: 该机型内配色的固定索引,0 为默认色(黑),代码按序号引用配色
A16: · leftTopIcon 的 normal/abnormal 对应设备已连接/未连接两种状态
A17: · K03wired 目前仅有 moreSetPage 资源;K03S_Super 目前仅有 leftTopIcon 资源

Sheet 机型颜色对照
A1: 机型 | B1: 颜色名称 | C1: 色号(HEX) | D1: 序号 | E1: 色块 | F1: homePageDevice | G1: selectionPage | H1: leftTopIcon | I1: moreSetIPage
A2: K03S | B2: 武士黑 | C2: 000000 | D2: 0 | F2: ✓ | G2: ✓ | H2: ✓ | I2: ✓
A3: K03S | B3: 熊猫白 | C3: FFFFFF | D3: 1 | F3: ✓ | G3: ✓ | H3: ✓ | I3: ✓
A4: K03S | B4: 极光粉 | C4: F9CAD6 | D4: 2 | F4: ✓ | G4: ✓ | H4: ✓ | I4: ✓
A5: K03S | B5: 宝石蓝 | C5: 6BA6C6 | D5: 3 | F5: ✓ | G5: ✓ | H5: ✓ | I5: ✓
A6: K03S_Super | B6: 武士黑 | C6: 000000 | D6: 0 | F6: — | G6: — | H6: ✓ | I6: —
A7: K03S_Super | B7: 熊猫白 | C7: FFFFFF | D7: 1 | F7: — | G7: — | H7: ✓ | I7: —
A8: K03S_Super | B8: 极光粉 | C8: F9CAD6 | D8: 2 | F8: — | G8: — | H8: ✓ | I8: —
A9: K03S_Super | B9: 宝石蓝 | C9: 6BA6C6 | D9: 3 | F9: — | G9: — | H9: ✓ | I9: —
A10: K03wired | B10: 武士黑 | C10: 000000 | D10: 0 | F10: — | G10: — | H10: — | I10: ✓
A11: K03wired | B11: 熊猫白 | C11: FFFFFF | D11: 1 | F11: — | G11: — | H11: — | I11: ✓
A12: K03wired | B12: 极光粉 | C12: F9CAD6 | D12: 2 | F12: — | G12: — | H12: — | I12: ✓
A13: K03wired | B13: 冰川白 | C13: BBBEBF | D13: 3 | F13: — | G13: — | H13: — | I13: ✓
... A29: T10wireless | B29: 皓月银 | C29: B7B7B7 | D29: 2 | F29: ✓ | G29: ✓ | H29: ✓ | I29: ✓

Sheet 汇总统计
A1: 机型 | B1: 配色数量 | C1: homePageDevice | D1: selectionPage | E1: leftTopIcon(含两态) | F1: moreSetIPage | G1: PNG文件合计
A2: K03S | B2: =COUNTIF('机型颜色对照'!A2:A29,A2) | C2: =COUNTIFS('机型颜色对照'!A2:A29,A2,'机型颜色对照'!F2:F29,"✓") | D2: =COUNTIFS('机型颜色对照'!A2:A29,A2,'机型颜色对照'!G2:G29,"✓") | E2: =COUNTIFS('机型颜色对照'!A2:A29,A2,'机型颜色对照'!H2:H29,"✓")*2 | F2: =COUNTIFS('机型颜色对照'!A2:A29,A2,'机型颜色对照'!I2:I29,"✓") | G2: =SUM(C2:F2)
A3: K03S_Super | B3: =COUNTIF('机型颜色对照'!A2:A29,A3) | C3: =COUNTIFS('机型颜色对照'!A2:A29,A3,'机型颜色对照'!F2:F29,"✓") | D3: =COUNTIFS('机型颜色对照'!A2:A29,A3,'机型颜色对照'!G2:G29,"✓") | E3: =COUNTIFS('机型颜色对照'!A2:A29,A3,'机型颜色对照'!H2:H29,"✓")*2 | F3: =COUNTIFS('机型颜色对照'!A2:A29,A3,'机型颜色对照'!I2:I29,"✓") | G3: =SUM(C3:F3)
A4: K03wired | B4: =COUNTIF('机型颜色对照'!A2:A29,A4) | C4: =COUNTIFS('机型颜色对照'!A2:A29,A4,'机型颜色对照'!F2:F29,"✓") | D4: =COUNTIFS('机型颜色对照'!A2:A29,A4,'机型颜色对照'!G2:G29,"✓") | E4: =COUNTIFS('机型颜色对照'!A2:A29,A4,'机型颜色对照'!H2:H29,"✓")*2 | F4: =COUNTIFS('机型颜色对照'!A2:A29,A4,'机型颜色对照'!I2:I29,"✓") | G4: =SUM(C4:F4)
A5: K06S | B5: =COUNTIF('机型颜色对照'!A2:A29,A5) | C5: =COUNTIFS('机型颜色对照'!A2:A29,A5,'机型颜色对照'!F2:F29,"✓") | D5: =COUNTIFS('机型颜色对照'!A2:A29,A5,'机型颜色对照'!G2:G29,"✓") | E5: =COUNTIFS('机型颜色对照'!A2:A29,A5,'机型颜色对照'!H2:H29,"✓")*2 | F5: =COUNTIFS('机型颜色对照'!A2:A29,A5,'机型颜色对照'!I2:I29,"✓") | G5: =SUM(C5:F5)
A6: T7 | B6: =COUNTIF('机型颜色对照'!A2:A29,A6) | C6: =COUNTIFS('机型颜色对照'!A2:A29,A6,'机型颜色对照'!F2:F29,"✓") | D6: =COUNTIFS('机型颜色对照'!A2:A29,A6,'机型颜色对照'!G2:G29,"✓") | E6: =COUNTIFS('机型颜色对照'!A2:A29,A6,'机型颜色对照'!H2:H29,"✓")*2 | F6: =COUNTIFS('机型颜色对照'!A2:A29,A6,'机型颜色对照'!I2:I29,"✓") | G6: =SUM(C6:F6)
A7: T10wired | B7: =COUNTIF('机型颜色对照'!A2:A29,A7) | C7: =COUNTIFS('机型颜色对照'!A2:A29,A7,'机型颜色对照'!F2:F29,"✓") | D7: =COUNTIFS('机型颜色对照'!A2:A29,A7,'机型颜色对照'!G2:G29,"✓") | E7: =COUNTIFS('机型颜色对照'!A2:A29,A7,'机型颜色对照'!H2:H29,"✓")*2 | F7: =COUNTIFS('机型颜色对照'!A2:A29,A7,'机型颜色对照'!I2:I29,"✓") | G7: =SUM(C7:F7)
A8: T10wireless | B8: =COUNTIF('机型颜色对照'!A2:A29,A8) | C8: =COUNTIFS('机型颜色对照'!A2:A29,A8,'机型颜色对照'!F2:F29,"✓") | D8: =COUNTIFS('机型颜色对照'!A2:A29,A8,'机型颜色对照'!G2:G29,"✓") | E8: =COUNTIFS('机型颜色对照'!A2:A29,A8,'机型颜色对照'!H2:H29,"✓")*2 | F8: =COUNTIFS('机型颜色对照'!A2:A29,A8,'机型颜色对照'!I2:I29,"✓") | G8: =SUM(C8:F8)
A9: 合计 | B9: =SUM(B2:B8) | C9: =SUM(C2:C8) | D9: =SUM(D2:D8) | E9: =SUM(E2:E8) | F9: =SUM(F2:F8) | G9: =SUM(G2:G8)
